mol_id,SMILES,formula,pce_pcbm(%),pce_pcdtbt(%),sas1(%),pce_pcbm_sas(%),pce_pcdtbt_sas(%),type,Mol,MolWt,LogP,HBD,HBA,TPSA,RotBonds,QED,FractionCSP3,Monoisotopic Weight,AlogP,AromaticRings,Num Rotatable Bonds,HeavyAtoms,RingCount,CX LogP,CX LogD,Application
4550,O=NC1=c2cc(N(O)O)c3c(c2=NC1=O)CCCC3,C12H11N3O4,0.0,16.886417131487622,6.9556636431278,-6.9556636431278,9.930753488359825,donneur,<rdkit.Chem.rdchem.Mol object at 0x77b1a1226030>,261.23699999999997,0.18459999999999943,2,6,102.56,2,0.583827070499728,0.3333333333333333,261.074955832,0.18459999999999943,1,2,19,3,0.18459999999999943,0.18459999999999943,"Medicine, Materials (OLED)"
7801,Oc1ccc(cc1)O.O=C1C=CC(=O)C=C1,C12H10O4,7.447933266948184,0.0,6.864235410915365,0.5836978560328197,-6.864235410915365,accepteur,<rdkit.Chem.rdchem.Mol object at 0x77b1a1225fc0>,218.208,1.3483999999999998,2,4,74.6,0,0.5088042466100505,0.0,218.0579088,1.3483999999999998,1,0,16,2,1.3483999999999998,1.3483999999999998,Medicine
17851,CC[N-]c1nc(N[N+]#N)nc(n1)NC(C)C,C8H14N8,3.984197663894684,36.10864188003375,7.622431571199729,-3.638233907305045,28.48621030883402,donneur,<rdkit.Chem.rdchem.Mol object at 0x77b1a1225f50>,222.25600000000003,1.8969799999999997,2,6,104.98,5,0.5818478927962523,0.625,222.13414244799998,1.8969799999999997,1,5,16,1,1.8969799999999997,1.8969799999999997,"Medicine, Materials (OLED)"
20778,N#[N+]Nc1nc([N-]C(C)C)nc(n1)SC,C7H11N7S,0.0,25.412759438067727,7.206302916037087,-7.206302916037087,18.20645652203064,donneur,<rdkit.Chem.rdchem.Mol object at 0x77b1a1226110>,225.281,2.18708,1,6,92.95,4,0.4792985617988213,0.5714285714285714,225.079664352,2.18708,1,4,15,1,2.18708,2.18708,Materials (OLED)
