mol_id,SMILES,pIC50_pred,IC50_pred_nM,MW,Monoisotopic Weight,LogP,AlogP,HBA,HBD,TPSA,RotBonds,AromaticRings,Num Rotatable Bonds,HeavyAtoms,FractionCSP3,RingCount,CX LogP,CX LogD,QED Weighted
Accepteur_977,O=O,8.239953715437629,5.75501267623582,31.998,31.98982924,0.067,0.067,2,0,34.14,0,0,0,2,0.0,0,0.067,0.067,0.37829615354121426
Accepteur_1712,O=C1N=c2c(=C1CNc1ccc(cc1)S(=O)(=O)Nc1ccccn1)c1scnc1cc2,8.337021910928677,4.602333534047549,449.5170000000001,449.0616313400001,1.9146999999999994,1.9146999999999994,7,2,113.41,6,4,6,31,0.047619047619047616,5,1.9146999999999994,1.9146999999999994,0.4649643861814146
Donneur_4550,O=NC1=c2cc(N(O)O)c3c(c2=NC1=O)CCCC3,8.27546457958963,5.303168427164226,261.23699999999997,261.074955832,0.18459999999999943,0.18459999999999943,6,2,102.56,2,1,2,19,0.3333333333333333,3,0.18459999999999943,0.18459999999999943,0.583827070499728
Accepteur_7801,Oc1ccc(cc1)O.O=C1C=CC(=O)C=C1,8.247005906026613,5.6623158872956685,218.208,218.0579088,1.3483999999999998,1.3483999999999998,4,2,74.6,0,1,0,16,0.0,2,1.3483999999999998,1.3483999999999998,0.5088042466100505
Donneur_11029,[O-]C(=O)[O-].[Mg+2],8.239953715437629,5.75501267623582,84.313,83.96978555999999,-2.8278,-2.8278,3,0,63.19,0,0,0,5,0.0,0,-2.8278,-2.8278,0.2972766004843957
Donneur_17851,CC[N-]c1nc(N[N+]#N)nc(n1)NC(C)C,8.22035791103237,6.02063208867512,222.25600000000003,222.13414244799998,1.8969799999999997,1.8969799999999997,6,2,104.98,5,1,5,16,0.625,1,1.8969799999999997,1.8969799999999997,0.5818478927962523
Donneur_20778,N#[N+]Nc1nc([N-]C(C)C)nc(n1)SC,8.252844399819828,5.586703207698264,225.281,225.079664352,2.18708,2.18708,6,1,92.95,4,1,4,15,0.5714285714285714,1,2.18708,2.18708,0.4792985617988213
