ID,SMILES,Application Domain(s),MW,LogP,QED,TPSA,CX LogD,FractionCSP3
Mol_3,Oc1ccc(cc1)O.O=C1C=CC(=O)C=C1,Medicine (Small),218.208,1.3483999999999998,0.5088042466100505,74.6,1.3483999999999998,0.0
Mol_6,N#[N+]Nc1nc([N-]C(C)C)nc(n1)SC,Industry (Small),225.281,2.18708,0.4792985617988213,92.95,2.18708,0.5714285714285714
