Molecule,Fluorescence_energy_eV,Singlet_Triplet_gap_eV,Oscillator_strength,Total_energy_eV,Electronic_energy_eV,Nuclear_repulsion_energy_eV,Lifetime_ns,Multi_Obj,DFT_calculation_time,TDDFT_calculation_time,Status,Phi_PL,Eta_exc,EQE_estimated,Applications,SMILES,Id
gdb_4807,2.00417117896918,1.44866645745332,0.0001332797536664,-10883.0591538015,-20047.7813032494,9164.7221494479,43048.3637972197,-2.64436199873047,0:01:15.377843,0:05:15.582749,Success,3.09604595032213E-07,0.5,3.09604595032213E-08,Photocatalysis,[NH3+]CC1=CC([O-])=CO1,4807
gdb_26187,2.00615537051038,1.47062223400481,0.0001370127220423,-11953.3449325284,-23086.911596923,11133.5666643946,41792.7001919824,-2.66432985077239,0:01:51.725404,0:05:21.883655,Success,3.27838776855345E-07,0.5,3.27838776855345E-08,Photocatalysis,CC([NH3+])C1=CC([O-])=CO1,26187
gdb_32866,2.00273420478155,1.4501679736933,0.0001317679074581,-11952.8147519969,-22830.5881393442,10877.7733873474,43604.7876552539,-2.64730200100429,0:01:44.137639,0:05:31.860276,Success,3.02186697207123E-07,0.5,3.02186697207123E-08,Photocatalysis,C[NH2+]CC1=CC([O-])=CO1,32866
gdb_130536,2.05903405861906,0.707651144147596,0.0082369951465364,-11748.8901560856,-22828.1454065291,11079.2552504436,659.925005483233,-1.840380090382,0:01:37.917837,0:04:41.653527,Success,0.00124661540525649,0.5,0.000124661540525649,Photocatalysis,O1N=NC=C2C=NC=C12,130536
