Molecule,Fluorescence_energy_eV,Singlet_Triplet_gap_eV,Oscillator_strength,Total_energy_eV,Electronic_energy_eV,Nuclear_repulsion_energy_eV,Lifetime_ns,Multi_Obj,DFT_calculation_time,TDDFT_calculation_time,Status
gdb_43243,3.560770768614556,1.5966846876905374,0.01912837124181033,-10874.720486748045,-22236.66143181196,11361.940945063909,95.02205785000507,-1.938327085063283,0:00:22.550820,0:00:43.613138,Success
gdb_21398,0.9141382378001346,0.6319238428076092,0.0011342284126779907,-10606.42093517158,-19956.162478075832,9349.741542904252,24314.54696654751,-2.916651376594797,0:00:15.948579,0:00:23.528575,Success
gdb_66499,1.8464794601198198,,0.008308000284875841,-11881.571786570452,-24346.793092958094,12465.221306387642,813.5888550327387,,0:00:24.012219,0:00:51.021566,Success
gdb_8723,2.625290536726849,0.5101059899535958,0.0002971628126747259,-12367.179594988,-21449.19690917883,9082.017314190824,11252.298615524081,-1.0845182904140724,0:00:11.109612,0:00:20.088619,Success
