Id,SMILES,HOMO(eV),LUMO(eV),GAP(eV),pce_pcbm(%),HOMO_ORCA(eV),LUMO_ORCA(eV),GAP_ORCA(eV),HOMO_DFT(eV),LUMO_DFT(eV),GAP_DFT(eV),replication_count
43243,O=C1C=C2C=CC3C2N13,-5.7851406678520005,-3.842247706024,1.942892961828,7.361749509017593,,,,,,,1
21398,N=C1N=CN=NC=N1,,,,5.864177756915208,-6.2213,-3.9768,2.2445000000000004,,,,1
66499,OC12C3C1C1=NC2C3O1,,,,2.43507936105106,,,,-5.649957962763695,-3.185083020289856,2.4648749424738394,1
