Id,SMILES,HOMO(eV),LUMO(eV),GAP(eV),pce_pcdtbt(%)
8723,O=CC(=O)C(=O)C=O,-6.949787989508001,-4.274908743742,2.674879245766,1.3514429877144982
