Id,SMILES,HOMO(eV),LUMO(eV),GAP(eV),pce_pcbm(%)
43243,O=C1C=C2C=CC3C2N13,-5.7851406678520005,-3.842247706024,1.942892961828,7.361749509017593
