ID,SMILES,Domaine(s),MW,LogP,QED,TPSA,CX LogD,FractionCSP3
Accepteur_4807,[NH3+]CC1=CC([O-])=CO1,Médecine (Petite),113.116,-0.9048999999999996,0.5123279549339337,63.84,-0.9048999999999996,0.2
Accepteur_26187,CC([NH3+])C1=CC([O-])=CO1,Médecine (Petite),127.14299999999996,-0.3439000000000001,0.5603247706405755,63.84,-0.3439000000000001,0.3333333333333333
Accepteur_32866,C[NH2+]CC1=CC([O-])=CO1,Médecine (Petite),127.14299999999996,-0.9535999999999992,0.5563275689541232,52.81,-0.9535999999999992,0.3333333333333333
Accepteur_37080,C1C2=CC3C=C1C1C3C21,"Agrochimie, Arômes/Parfums",116.16299999999995,1.7485,0.422834931006701,0.0,1.7485,0.5555555555555556
Accepteur_130536,O1N=NC=C2C=NC=C12,Médecine (Petite),121.099,0.5693999999999999,0.5108709218656609,51.81,0.5693999999999999,0.0
