ID,SMILES,pIC50_pred,IC50_pred_nM,MW,LogP,HBA,HBD,TPSA
Donneur_43243,O=C1C=C2C=CC3C2N13,8.340319395156676,4.567521547595229,119.12299999999998,0.07559999999999989,1,0,20.08
Donneur_21398,N=C1N=CN=NC=N1,8.34230736997038,4.5466615831826624,109.092,-1.2539300000000002,5,1,75.41
Accepteur_8723,O=CC(=O)C(=O)C=O,8.357062911888944,4.394779480607728,114.05599999999998,-1.4776000000000002,4,0,68.28
Accepteur_21398,N=C1N=CN=NC=N1,8.34230736997038,4.5466615831826624,109.092,-1.2539300000000002,5,1,75.41
