ID_x,SMILES,pIC50_pred,IC50_pred_nM,MW,LogP,HBA_x,HBD_x,TPSA,Type,ID_y,Molecular Weight,Monoisotopic Weight,AlogP,HBA_y,HBD_y,Polar Surface Area,Aromatic Rings,Num Rotatable Bonds,Heavy Atoms,QED Weighted,CX LogP,CX LogD,FractionCSP3,RingCount
Donneur_43243,O=C1C=C2C=CC3C2N13,8.340319395156676,4.567521547595229,119.12299999999998,0.0755999999999998,1,0,20.08,Donneur,Donneur_43243,119.12299999999998,119.03711378,0.07559999999999989,1,0,20.08,0,0,9,0.41320715552073295,0.07559999999999989,0.07559999999999989,0.2857142857142857,3
Donneur_21398,N=C1N=CN=NC=N1,8.34230736997038,4.5466615831826624,109.092,-1.2539300000000002,5,1,75.41,Donneur/Accepteur,Donneur_21398,109.092,109.03884509599999,-1.2539300000000002,5,1,75.41,1,0,8,0.45112201037712024,-1.2539300000000002,-1.2539300000000002,0.0,1
Donneur_21398,N=C1N=CN=NC=N1,8.34230736997038,4.5466615831826624,109.092,-1.2539300000000002,5,1,75.41,Donneur/Accepteur,Accepteur_21398,109.092,109.03884509599999,-1.2539300000000002,5,1,75.41,1,0,8,0.45112201037712024,-1.2539300000000002,-1.2539300000000002,0.0,1
Accepteur_8723,O=CC(=O)C(=O)C=O,8.357062911888944,4.394779480607728,114.05599999999998,-1.4776000000000002,4,0,68.28,Accepteur,Accepteur_8723,114.05599999999998,113.99530854400001,-1.4776000000000002,4,0,68.28,0,3,8,0.25475818250896143,-1.4776000000000002,-1.4776000000000002,0.0,0
Accepteur_21398,N=C1N=CN=NC=N1,8.34230736997038,4.5466615831826624,109.092,-1.2539300000000002,5,1,75.41,Donneur/Accepteur,Donneur_21398,109.092,109.03884509599999,-1.2539300000000002,5,1,75.41,1,0,8,0.45112201037712024,-1.2539300000000002,-1.2539300000000002,0.0,1
Accepteur_21398,N=C1N=CN=NC=N1,8.34230736997038,4.5466615831826624,109.092,-1.2539300000000002,5,1,75.41,Donneur/Accepteur,Accepteur_21398,109.092,109.03884509599999,-1.2539300000000002,5,1,75.41,1,0,8,0.45112201037712024,-1.2539300000000002,-1.2539300000000002,0.0,1
