Molecule,SMILES,Application,Domain(s),MW,LogP,QED,TPSA,CX,LogD,FractionCSP3,Id
Accepteur_4807,[NH3+]CC1=CC([O-])=CO1,Medicine,(Small),113.116,-0.9049,0.512327954933934,63.84,-0.9049,0.2,,4807
Accepteur_26187,CC([NH3+])C1=CC([O-])=CO1,Medicine,(Small),127.143,-0.3439,0.560324770640576,63.84,-0.3439,0.333333333333333,,26187
Accepteur_32866,C[NH2+]CC1=CC([O-])=CO1,Medicine,(Small),127.143,-0.953599999999999,0.556327568954123,52.81,-0.953599999999999,0.333333333333333,,32866
Accepteur_37080,C1C2=CC3C=C1C1C3C21,"Agrochemicals, Fragrances/Flavors",116.163,1.7485,0.422834931006701,0,1.7485,0.555555555555556,,,37080
Accepteur_130536,O1N=NC=C2C=NC=C12,Medicine,(Small),121.099,0.5694,0.510870921865661,51.81,0.5694,0,,130536
