Id,SMILES,HOMO_DFT(eV),LUMO_DFT(eV),GAP_DFT(eV),pce_pcdtbt(%)
21398,N=C1N=CN=NC=N1,-6.293762799067996,-4.025525053541373,2.2682377455266227,4.05757192612452
