Id,SMILES,HOMO_DFT(eV),LUMO_DFT(eV),GAP_DFT(eV),pce_pcbm(%)
66499,OC12C3C1C1=NC2C3O1,-5.649957962763695,-3.1850830202898557,2.4648749424738394,2.43507936105106
