Molecule,Fluorescence_energy_eV,Singlet_Triplet_gap_eV,Oscillator_strength,Total_energy_eV,Electronic_energy_eV,Nuclear_repulsion_energy_eV,Lifetime_ns,Multi_Obj,DFT_calculation_time,TDDFT_calculation_time,Status,Phi_PL,Eta_exc,EQE_estimated,Applications
gdb_4807,2.0041711789691843,1.4486664574533217,0.0001332797536664,-10883.05915380153,-20047.78130324942,9164.722149447896,43048.36379721969,-2.6443619987304707,0:01:15.377843,0:05:15.582749,Success,3.0960459503221305e-07,0.5,3.0960459503221306e-08,Photocatalysis
gdb_26187,2.006155370510376,1.470622234004807,0.0001370127220423,-11953.344932528433,-23086.911596923,11133.566664394606,41792.70019198244,-2.664329850772389,0:01:51.725404,0:05:21.883655,Success,3.278387768553453e-07,0.5,3.278387768553453e-08,Photocatalysis
gdb_32866,2.002734204781548,1.450167973693299,0.0001317679074581,-11952.814751996855,-22830.588139344218,10877.773387347364,43604.78765525392,-2.6473020010042934,0:01:44.137639,0:05:31.860276,Success,3.0218669720712334e-07,0.5,3.0218669720712334e-08,Photocatalysis
gdb_130536,2.059034058619055,0.7076511441475956,0.0082369951465364,-11748.890156085572,-22828.145406529147,11079.255250443595,659.9250054832328,-1.840380090382004,0:01:37.917837,0:04:41.653527,Success,0.0012466154052564883,0.5,0.00012466154052564882,Photocatalysis
